--
-- PostgreSQL database dump
--

\restrict SIk25lWeVODvdeE5BWwAYuonaqAAsYVqbFhfemINDV2QbNZ1GXwAT7k7PWIhDi9

-- Dumped from database version 16.10 (Ubuntu 16.10-0ubuntu0.24.04.1)
-- Dumped by pg_dump version 16.10 (Ubuntu 16.10-0ubuntu0.24.04.1)

SET statement_timeout = 0;
SET lock_timeout = 0;
SET idle_in_transaction_session_timeout = 0;
SET client_encoding = 'UTF8';
SET standard_conforming_strings = on;
SELECT pg_catalog.set_config('search_path', '', false);
SET check_function_bodies = false;
SET xmloption = content;
SET client_min_messages = warning;
SET row_security = off;

--
-- Name: public; Type: SCHEMA; Schema: -; Owner: leo
--

-- *not* creating schema, since initdb creates it


ALTER SCHEMA public OWNER TO leo;

SET default_tablespace = '';

SET default_table_access_method = heap;

--
-- Name: Artigos; Type: TABLE; Schema: public; Owner: leo
--

CREATE TABLE public."Artigos" (
    "Id" integer NOT NULL,
    "Titulo" text NOT NULL,
    "Slug" text NOT NULL,
    "Conteudo" text NOT NULL,
    "Resumo" text NOT NULL,
    "DataCriacao" timestamp with time zone NOT NULL,
    "DataAtualizacao" timestamp with time zone,
    "DataPublicacao" timestamp with time zone,
    "IsPublicado" boolean NOT NULL,
    "Imagem" text,
    "CategoriaId" integer NOT NULL,
    "AutorId" integer NOT NULL,
    "FonteId" integer
);


ALTER TABLE public."Artigos" OWNER TO leo;

--
-- Name: Artigos_Id_seq; Type: SEQUENCE; Schema: public; Owner: leo
--

ALTER TABLE public."Artigos" ALTER COLUMN "Id" ADD GENERATED BY DEFAULT AS IDENTITY (
    SEQUENCE NAME public."Artigos_Id_seq"
    START WITH 1
    INCREMENT BY 1
    NO MINVALUE
    NO MAXVALUE
    CACHE 1
);


--
-- Name: Autores; Type: TABLE; Schema: public; Owner: leo
--

CREATE TABLE public."Autores" (
    "Id" integer NOT NULL,
    "Nome" text NOT NULL,
    "Bio" text NOT NULL,
    "Email" text NOT NULL,
    "UsuarioId" integer,
    "Ativo" boolean NOT NULL
);


ALTER TABLE public."Autores" OWNER TO leo;

--
-- Name: Autores_Id_seq; Type: SEQUENCE; Schema: public; Owner: leo
--

ALTER TABLE public."Autores" ALTER COLUMN "Id" ADD GENERATED BY DEFAULT AS IDENTITY (
    SEQUENCE NAME public."Autores_Id_seq"
    START WITH 1
    INCREMENT BY 1
    NO MINVALUE
    NO MAXVALUE
    CACHE 1
);


--
-- Name: Categorias; Type: TABLE; Schema: public; Owner: leo
--

CREATE TABLE public."Categorias" (
    "Id" integer NOT NULL,
    "Nome" text NOT NULL,
    "Descricao" text NOT NULL,
    "Slug" text NOT NULL,
    "Ativo" boolean NOT NULL
);


ALTER TABLE public."Categorias" OWNER TO leo;

--
-- Name: Categorias_Id_seq; Type: SEQUENCE; Schema: public; Owner: leo
--

ALTER TABLE public."Categorias" ALTER COLUMN "Id" ADD GENERATED BY DEFAULT AS IDENTITY (
    SEQUENCE NAME public."Categorias_Id_seq"
    START WITH 1
    INCREMENT BY 1
    NO MINVALUE
    NO MAXVALUE
    CACHE 1
);


--
-- Name: Comentarios; Type: TABLE; Schema: public; Owner: leo
--

CREATE TABLE public."Comentarios" (
    "Id" integer NOT NULL,
    "Conteudo" text NOT NULL,
    "Status" text NOT NULL,
    "DataComentario" timestamp with time zone NOT NULL,
    "UsuarioId" integer NOT NULL,
    "Ativo" boolean NOT NULL,
    "DataCriacao" timestamp with time zone NOT NULL,
    "ArtigoId" integer NOT NULL
);


ALTER TABLE public."Comentarios" OWNER TO leo;

--
-- Name: Comentarios_Id_seq; Type: SEQUENCE; Schema: public; Owner: leo
--

ALTER TABLE public."Comentarios" ALTER COLUMN "Id" ADD GENERATED BY DEFAULT AS IDENTITY (
    SEQUENCE NAME public."Comentarios_Id_seq"
    START WITH 1
    INCREMENT BY 1
    NO MINVALUE
    NO MAXVALUE
    CACHE 1
);


--
-- Name: Fontes; Type: TABLE; Schema: public; Owner: leo
--

CREATE TABLE public."Fontes" (
    "Id" integer NOT NULL,
    "Nome" text NOT NULL,
    "URL" text NOT NULL,
    "Tipo" text NOT NULL,
    "Ativo" boolean NOT NULL
);


ALTER TABLE public."Fontes" OWNER TO leo;

--
-- Name: Fontes_Id_seq; Type: SEQUENCE; Schema: public; Owner: leo
--

ALTER TABLE public."Fontes" ALTER COLUMN "Id" ADD GENERATED BY DEFAULT AS IDENTITY (
    SEQUENCE NAME public."Fontes_Id_seq"
    START WITH 1
    INCREMENT BY 1
    NO MINVALUE
    NO MAXVALUE
    CACHE 1
);


--
-- Name: Newsletters; Type: TABLE; Schema: public; Owner: leo
--

CREATE TABLE public."Newsletters" (
    "Id" integer NOT NULL,
    "Email" text NOT NULL,
    "DataCadastro" timestamp with time zone NOT NULL,
    "Ativo" boolean NOT NULL
);


ALTER TABLE public."Newsletters" OWNER TO leo;

--
-- Name: Newsletters_Id_seq; Type: SEQUENCE; Schema: public; Owner: leo
--

ALTER TABLE public."Newsletters" ALTER COLUMN "Id" ADD GENERATED BY DEFAULT AS IDENTITY (
    SEQUENCE NAME public."Newsletters_Id_seq"
    START WITH 1
    INCREMENT BY 1
    NO MINVALUE
    NO MAXVALUE
    CACHE 1
);


--
-- Name: Notificacoes; Type: TABLE; Schema: public; Owner: leo
--

CREATE TABLE public."Notificacoes" (
    "Id" integer NOT NULL,
    "Titulo" text NOT NULL,
    "Mensagem" text NOT NULL,
    "Tipo" text NOT NULL,
    "Lida" boolean NOT NULL,
    "DataCriacao" timestamp with time zone NOT NULL,
    "Ativo" boolean NOT NULL,
    "UsuarioId" integer NOT NULL,
    "ArtigoId" integer
);


ALTER TABLE public."Notificacoes" OWNER TO leo;

--
-- Name: Notificacoes_Id_seq; Type: SEQUENCE; Schema: public; Owner: leo
--

ALTER TABLE public."Notificacoes" ALTER COLUMN "Id" ADD GENERATED BY DEFAULT AS IDENTITY (
    SEQUENCE NAME public."Notificacoes_Id_seq"
    START WITH 1
    INCREMENT BY 1
    NO MINVALUE
    NO MAXVALUE
    CACHE 1
);


--
-- Name: PesquisasCustomizadas; Type: TABLE; Schema: public; Owner: leo
--

CREATE TABLE public."PesquisasCustomizadas" (
    "Id" integer NOT NULL,
    "UsuarioId" integer NOT NULL,
    "CategoriaId" integer,
    "AutorId" integer,
    "FonteId" integer,
    "DataCriacao" timestamp with time zone NOT NULL
);


ALTER TABLE public."PesquisasCustomizadas" OWNER TO leo;

--
-- Name: PesquisasCustomizadas_Id_seq; Type: SEQUENCE; Schema: public; Owner: leo
--

ALTER TABLE public."PesquisasCustomizadas" ALTER COLUMN "Id" ADD GENERATED BY DEFAULT AS IDENTITY (
    SEQUENCE NAME public."PesquisasCustomizadas_Id_seq"
    START WITH 1
    INCREMENT BY 1
    NO MINVALUE
    NO MAXVALUE
    CACHE 1
);


--
-- Name: Usuarios; Type: TABLE; Schema: public; Owner: leo
--

CREATE TABLE public."Usuarios" (
    "Id" integer NOT NULL,
    "Nome" text NOT NULL,
    "Email" text NOT NULL,
    "SenhaHash" text NOT NULL,
    "Role" text NOT NULL,
    "DataCadastro" timestamp with time zone NOT NULL,
    "DataUltimoLogin" timestamp with time zone,
    "Ativo" boolean NOT NULL
);


ALTER TABLE public."Usuarios" OWNER TO leo;

--
-- Name: Usuarios_Id_seq; Type: SEQUENCE; Schema: public; Owner: leo
--

ALTER TABLE public."Usuarios" ALTER COLUMN "Id" ADD GENERATED BY DEFAULT AS IDENTITY (
    SEQUENCE NAME public."Usuarios_Id_seq"
    START WITH 1
    INCREMENT BY 1
    NO MINVALUE
    NO MAXVALUE
    CACHE 1
);


--
-- Name: __EFMigrationsHistory; Type: TABLE; Schema: public; Owner: leo
--

CREATE TABLE public."__EFMigrationsHistory" (
    "MigrationId" character varying(150) NOT NULL,
    "ProductVersion" character varying(32) NOT NULL
);


ALTER TABLE public."__EFMigrationsHistory" OWNER TO leo;

--
-- Data for Name: Artigos; Type: TABLE DATA; Schema: public; Owner: leo
--

COPY public."Artigos" ("Id", "Titulo", "Slug", "Conteudo", "Resumo", "DataCriacao", "DataAtualizacao", "DataPublicacao", "IsPublicado", "Imagem", "CategoriaId", "AutorId", "FonteId") FROM stdin;
1	The Ultimate Guide to Bali: What to See, Do, and Eat	ultimate-guide-bali	It is a long established fact that a reader will be distracted by the readable content of a page when looking at its layout...	Descubra o melhor de Bali: praias, templos, e gastronomia incrível.	2025-10-07 01:39:41.980096+01	\N	\N	t	https://blogger-backend-6.onrender.com/uploads/artigos/Gemini_Generated_Image_ep4zydep4zydep4z.png	1	1	1
2	Explorando o Futuro da Tecnologia	futuro-da-tecnologia	It is a long established fact that a reader will be distracted by the readable content...	Como a IA e a robótica estão moldando o futuro.	2025-10-07 01:39:41.980096+01	\N	\N	t	https://blogger-backend-6.onrender.com/uploads/artigos/Gemini_Generated_Image_ep4zydep4zydep4z.png	1	1	2
3	Métodos Educacionais do Século XXI	metodos-educacionais-seculo-xxi	It is a long established fact that a reader will be distracted by the readable content...	Uma análise das novas tendências na educação.	2025-10-07 01:39:41.980096+01	\N	\N	t	https://blogger-backend-6.onrender.com/uploads/artigos/Gemini_Generated_Image_ep4zydep4zydep4z.png	2	2	2
4	Descobertas Científicas Recentes	descobertas-cientificas	It is a long established fact that a reader will be distracted by the readable content...	Os mais recentes avanços no mundo da ciência.	2025-10-07 01:39:41.980096+01	\N	\N	t	https://blogger-backend-6.onrender.com/uploads/artigos/Gemini_Generated_Image_ep4zydep4zydep4z.png	3	3	3
5	Saúde e Bem-Estar em Foco	saude-e-bem-estar	It is a long established fact that a reader will be distracted by the readable content...	Cuidados e práticas para uma vida saudável.	2025-10-07 01:39:41.980096+01	\N	\N	t	https://blogger-backend-6.onrender.com/uploads/artigos/Gemini_Generated_Image_ep4zydep4zydep4z.png	5	4	5
6	Os Desafios do Jornalismo Digital	jornalismo-digital	It is a long established fact that a reader will be distracted by the readable content...	Como o jornalismo se adapta à era da informação.	2025-10-07 01:39:41.980096+01	\N	\N	t	https://blogger-backend-6.onrender.com/uploads/artigos/Gemini_Generated_Image_ep4zydep4zydep4z.png	1	1	2
7	Educação Inclusiva no Século XXI	educacao-inclusiva	It is a long established fact that a reader will be distracted by the readable content...	Um olhar sobre a importância da inclusão nas escolas.	2025-10-07 01:39:41.980096+01	\N	\N	t	https://blogger-backend-6.onrender.com/uploads/artigos/Gemini_Generated_Image_ep4zydep4zydep4z.png	2	2	2
8	Explorando o Universo	explorando-o-universo	It is a long established fact that a reader will be distracted by the readable content...	Uma viagem pelas galáxias e novas descobertas.	2025-10-07 01:39:41.980096+01	\N	\N	t	https://blogger-backend-6.onrender.com/uploads/artigos/Gemini_Generated_Image_ep4zydep4zydep4z.png	3	3	3
9	Esportes e Motivação	esportes-e-motivacao	It is a long established fact that a reader will be distracted by the readable content...	A influência do esporte na saúde mental.	2025-10-07 01:39:41.980096+01	\N	\N	t	https://blogger-backend-6.onrender.com/uploads/artigos/Gemini_Generated_Image_ep4zydep4zydep4z.png	4	5	4
10	A Importância da Alimentação Saudável	alimentacao-saudavel	It is a long established fact that a reader will be distracted by the readable content...	Como a alimentação afeta o corpo e a mente.	2025-10-07 01:39:41.980096+01	\N	\N	t	https://blogger-backend-6.onrender.com/uploads/artigos/Gemini_Generated_Image_ep4zydep4zydep4z.png	5	4	5
\.


--
-- Data for Name: Autores; Type: TABLE DATA; Schema: public; Owner: leo
--

COPY public."Autores" ("Id", "Nome", "Bio", "Email", "UsuarioId", "Ativo") FROM stdin;
1	João Silva	Jornalista especializado em tecnologia.	autor.joao@email.com	\N	t
2	Maria Oliveira	Pesquisadora na área de educação.	autor.maria@email.com	\N	t
3	Carlos Mendes	Divulgador científico e palestrante.	autor.carlos@email.com	\N	t
4	Ana Costa	Escritora na área de saúde.	autor.ana@email.com	\N	t
5	Pedro Gomes	Repórter esportivo.	autor.pedro@email.com	\N	t
\.


--
-- Data for Name: Categorias; Type: TABLE DATA; Schema: public; Owner: leo
--

COPY public."Categorias" ("Id", "Nome", "Descricao", "Slug", "Ativo") FROM stdin;
1	Tecnologia	Notícias sobre tecnologia e inovação	tecnologia	t
2	Educação	Artigos voltados à área da educação	educacao	t
3	Ciência	Descobertas e avanços científicos	ciencia	t
4	Esportes	Esportes nacionais e internacionais	esportes	t
5	Saúde	Notícias sobre saúde e bem-estar	saude	t
\.


--
-- Data for Name: Comentarios; Type: TABLE DATA; Schema: public; Owner: leo
--

COPY public."Comentarios" ("Id", "Conteudo", "Status", "DataComentario", "UsuarioId", "Ativo", "DataCriacao", "ArtigoId") FROM stdin;
\.


--
-- Data for Name: Fontes; Type: TABLE DATA; Schema: public; Owner: leo
--

COPY public."Fontes" ("Id", "Nome", "URL", "Tipo", "Ativo") FROM stdin;
1	Agência Angola Press	https://www.angop.ao	Agência	t
2	BBC	https://www.bbc.com	Externa	t
3	CNN	https://www.cnn.com	Internacional	t
4	The Guardian	https://www.theguardian.com	Externa	t
5	DW África	https://www.dw.com	Internacional	t
\.


--
-- Data for Name: Newsletters; Type: TABLE DATA; Schema: public; Owner: leo
--

COPY public."Newsletters" ("Id", "Email", "DataCadastro", "Ativo") FROM stdin;
\.


--
-- Data for Name: Notificacoes; Type: TABLE DATA; Schema: public; Owner: leo
--

COPY public."Notificacoes" ("Id", "Titulo", "Mensagem", "Tipo", "Lida", "DataCriacao", "Ativo", "UsuarioId", "ArtigoId") FROM stdin;
\.


--
-- Data for Name: PesquisasCustomizadas; Type: TABLE DATA; Schema: public; Owner: leo
--

COPY public."PesquisasCustomizadas" ("Id", "UsuarioId", "CategoriaId", "AutorId", "FonteId", "DataCriacao") FROM stdin;
1	1	1	1	1	2025-10-07 01:39:41.980096+01
2	1	2	2	2	2025-10-07 01:39:41.980096+01
3	1	3	3	3	2025-10-07 01:39:41.980096+01
4	1	4	4	4	2025-10-07 01:39:41.980096+01
5	1	5	5	5	2025-10-07 01:39:41.980096+01
\.


--
-- Data for Name: Usuarios; Type: TABLE DATA; Schema: public; Owner: leo
--

COPY public."Usuarios" ("Id", "Nome", "Email", "SenhaHash", "Role", "DataCadastro", "DataUltimoLogin", "Ativo") FROM stdin;
1	admin	admin@gmail.com	AQAAAAIAAYagAAAAEDBAVUM7qMbfwZsaU5XfhLIoqRn1K3zdiU5vmFC2Y2yJqOzHBvuSUV6Mv55UVFAIoQ==	admin	2025-10-07 01:24:54.237137+01	\N	t
2	Anna Carlos	ana@gmail.com	AQAAAAIAAYagAAAAEA4hxtJtgMcZ0+HEyGzAssB17Cqpg3r3etRKot/3HAAam/ke4oXSfCWnnRXO7oFAVA==	leitor	2025-10-07 01:25:21.060064+01	\N	t
3	joão Carlos	joa@gmail.com	AQAAAAIAAYagAAAAEEaAZ373kws9OO6ZBt44qPKC62D9wHZ/b0v2QV5B4V2lL7Z+EdQdv+gD26cNSGsKGA==	leitor	2025-10-07 01:25:47.830982+01	\N	t
4	Marcus Carlos	marcus@gmail.com	AQAAAAIAAYagAAAAECwwEQjbvp/7OMLhau/enLs4yG/0VoZKO7tnC9somIlId3SOfn/7cgSMrYsvVaxGbQ==	leitor	2025-10-07 01:26:13.20059+01	\N	t
5	Maria Santos	maria@gmail.com	AQAAAAIAAYagAAAAEMLQlLI4N0rJrXDoVINm4hVj+dEnr2HK41qFMpAdx0iF4dvNlXCbNw4+ijUdat21Dw==	autora	2025-10-07 01:32:08.329026+01	\N	t
\.


--
-- Data for Name: __EFMigrationsHistory; Type: TABLE DATA; Schema: public; Owner: leo
--

COPY public."__EFMigrationsHistory" ("MigrationId", "ProductVersion") FROM stdin;
20251006065854_InicialPostgres	9.0.9
\.


--
-- Name: Artigos_Id_seq; Type: SEQUENCE SET; Schema: public; Owner: leo
--

SELECT pg_catalog.setval('public."Artigos_Id_seq"', 10, true);


--
-- Name: Autores_Id_seq; Type: SEQUENCE SET; Schema: public; Owner: leo
--

SELECT pg_catalog.setval('public."Autores_Id_seq"', 5, true);


--
-- Name: Categorias_Id_seq; Type: SEQUENCE SET; Schema: public; Owner: leo
--

SELECT pg_catalog.setval('public."Categorias_Id_seq"', 5, true);


--
-- Name: Comentarios_Id_seq; Type: SEQUENCE SET; Schema: public; Owner: leo
--

SELECT pg_catalog.setval('public."Comentarios_Id_seq"', 1, false);


--
-- Name: Fontes_Id_seq; Type: SEQUENCE SET; Schema: public; Owner: leo
--

SELECT pg_catalog.setval('public."Fontes_Id_seq"', 5, true);


--
-- Name: Newsletters_Id_seq; Type: SEQUENCE SET; Schema: public; Owner: leo
--

SELECT pg_catalog.setval('public."Newsletters_Id_seq"', 1, false);


--
-- Name: Notificacoes_Id_seq; Type: SEQUENCE SET; Schema: public; Owner: leo
--

SELECT pg_catalog.setval('public."Notificacoes_Id_seq"', 1, false);


--
-- Name: PesquisasCustomizadas_Id_seq; Type: SEQUENCE SET; Schema: public; Owner: leo
--

SELECT pg_catalog.setval('public."PesquisasCustomizadas_Id_seq"', 5, true);


--
-- Name: Usuarios_Id_seq; Type: SEQUENCE SET; Schema: public; Owner: leo
--

SELECT pg_catalog.setval('public."Usuarios_Id_seq"', 5, true);


--
-- Name: Artigos PK_Artigos; Type: CONSTRAINT; Schema: public; Owner: leo
--

ALTER TABLE ONLY public."Artigos"
    ADD CONSTRAINT "PK_Artigos" PRIMARY KEY ("Id");


--
-- Name: Autores PK_Autores; Type: CONSTRAINT; Schema: public; Owner: leo
--

ALTER TABLE ONLY public."Autores"
    ADD CONSTRAINT "PK_Autores" PRIMARY KEY ("Id");


--
-- Name: Categorias PK_Categorias; Type: CONSTRAINT; Schema: public; Owner: leo
--

ALTER TABLE ONLY public."Categorias"
    ADD CONSTRAINT "PK_Categorias" PRIMARY KEY ("Id");


--
-- Name: Comentarios PK_Comentarios; Type: CONSTRAINT; Schema: public; Owner: leo
--

ALTER TABLE ONLY public."Comentarios"
    ADD CONSTRAINT "PK_Comentarios" PRIMARY KEY ("Id");


--
-- Name: Fontes PK_Fontes; Type: CONSTRAINT; Schema: public; Owner: leo
--

ALTER TABLE ONLY public."Fontes"
    ADD CONSTRAINT "PK_Fontes" PRIMARY KEY ("Id");


--
-- Name: Newsletters PK_Newsletters; Type: CONSTRAINT; Schema: public; Owner: leo
--

ALTER TABLE ONLY public."Newsletters"
    ADD CONSTRAINT "PK_Newsletters" PRIMARY KEY ("Id");


--
-- Name: Notificacoes PK_Notificacoes; Type: CONSTRAINT; Schema: public; Owner: leo
--

ALTER TABLE ONLY public."Notificacoes"
    ADD CONSTRAINT "PK_Notificacoes" PRIMARY KEY ("Id");


--
-- Name: PesquisasCustomizadas PK_PesquisasCustomizadas; Type: CONSTRAINT; Schema: public; Owner: leo
--

ALTER TABLE ONLY public."PesquisasCustomizadas"
    ADD CONSTRAINT "PK_PesquisasCustomizadas" PRIMARY KEY ("Id");


--
-- Name: Usuarios PK_Usuarios; Type: CONSTRAINT; Schema: public; Owner: leo
--

ALTER TABLE ONLY public."Usuarios"
    ADD CONSTRAINT "PK_Usuarios" PRIMARY KEY ("Id");


--
-- Name: __EFMigrationsHistory PK___EFMigrationsHistory; Type: CONSTRAINT; Schema: public; Owner: leo
--

ALTER TABLE ONLY public."__EFMigrationsHistory"
    ADD CONSTRAINT "PK___EFMigrationsHistory" PRIMARY KEY ("MigrationId");


--
-- Name: IX_Artigos_AutorId; Type: INDEX; Schema: public; Owner: leo
--

CREATE INDEX "IX_Artigos_AutorId" ON public."Artigos" USING btree ("AutorId");


--
-- Name: IX_Artigos_CategoriaId; Type: INDEX; Schema: public; Owner: leo
--

CREATE INDEX "IX_Artigos_CategoriaId" ON public."Artigos" USING btree ("CategoriaId");


--
-- Name: IX_Artigos_FonteId; Type: INDEX; Schema: public; Owner: leo
--

CREATE INDEX "IX_Artigos_FonteId" ON public."Artigos" USING btree ("FonteId");


--
-- Name: IX_Autores_UsuarioId; Type: INDEX; Schema: public; Owner: leo
--

CREATE INDEX "IX_Autores_UsuarioId" ON public."Autores" USING btree ("UsuarioId");


--
-- Name: IX_Comentarios_ArtigoId; Type: INDEX; Schema: public; Owner: leo
--

CREATE INDEX "IX_Comentarios_ArtigoId" ON public."Comentarios" USING btree ("ArtigoId");


--
-- Name: IX_Comentarios_UsuarioId; Type: INDEX; Schema: public; Owner: leo
--

CREATE INDEX "IX_Comentarios_UsuarioId" ON public."Comentarios" USING btree ("UsuarioId");


--
-- Name: IX_Notificacoes_ArtigoId; Type: INDEX; Schema: public; Owner: leo
--

CREATE INDEX "IX_Notificacoes_ArtigoId" ON public."Notificacoes" USING btree ("ArtigoId");


--
-- Name: IX_Notificacoes_UsuarioId; Type: INDEX; Schema: public; Owner: leo
--

CREATE INDEX "IX_Notificacoes_UsuarioId" ON public."Notificacoes" USING btree ("UsuarioId");


--
-- Name: IX_PesquisasCustomizadas_AutorId; Type: INDEX; Schema: public; Owner: leo
--

CREATE INDEX "IX_PesquisasCustomizadas_AutorId" ON public."PesquisasCustomizadas" USING btree ("AutorId");


--
-- Name: IX_PesquisasCustomizadas_CategoriaId; Type: INDEX; Schema: public; Owner: leo
--

CREATE INDEX "IX_PesquisasCustomizadas_CategoriaId" ON public."PesquisasCustomizadas" USING btree ("CategoriaId");


--
-- Name: IX_PesquisasCustomizadas_FonteId; Type: INDEX; Schema: public; Owner: leo
--

CREATE INDEX "IX_PesquisasCustomizadas_FonteId" ON public."PesquisasCustomizadas" USING btree ("FonteId");


--
-- Name: IX_PesquisasCustomizadas_UsuarioId; Type: INDEX; Schema: public; Owner: leo
--

CREATE INDEX "IX_PesquisasCustomizadas_UsuarioId" ON public."PesquisasCustomizadas" USING btree ("UsuarioId");


--
-- Name: IX_Usuarios_Email; Type: INDEX; Schema: public; Owner: leo
--

CREATE UNIQUE INDEX "IX_Usuarios_Email" ON public."Usuarios" USING btree ("Email");


--
-- Name: Artigos FK_Artigos_Autores_AutorId; Type: FK CONSTRAINT; Schema: public; Owner: leo
--

ALTER TABLE ONLY public."Artigos"
    ADD CONSTRAINT "FK_Artigos_Autores_AutorId" FOREIGN KEY ("AutorId") REFERENCES public."Autores"("Id") ON DELETE CASCADE;


--
-- Name: Artigos FK_Artigos_Categorias_CategoriaId; Type: FK CONSTRAINT; Schema: public; Owner: leo
--

ALTER TABLE ONLY public."Artigos"
    ADD CONSTRAINT "FK_Artigos_Categorias_CategoriaId" FOREIGN KEY ("CategoriaId") REFERENCES public."Categorias"("Id") ON DELETE CASCADE;


--
-- Name: Artigos FK_Artigos_Fontes_FonteId; Type: FK CONSTRAINT; Schema: public; Owner: leo
--

ALTER TABLE ONLY public."Artigos"
    ADD CONSTRAINT "FK_Artigos_Fontes_FonteId" FOREIGN KEY ("FonteId") REFERENCES public."Fontes"("Id");


--
-- Name: Autores FK_Autores_Usuarios_UsuarioId; Type: FK CONSTRAINT; Schema: public; Owner: leo
--

ALTER TABLE ONLY public."Autores"
    ADD CONSTRAINT "FK_Autores_Usuarios_UsuarioId" FOREIGN KEY ("UsuarioId") REFERENCES public."Usuarios"("Id");


--
-- Name: Comentarios FK_Comentarios_Artigos_ArtigoId; Type: FK CONSTRAINT; Schema: public; Owner: leo
--

ALTER TABLE ONLY public."Comentarios"
    ADD CONSTRAINT "FK_Comentarios_Artigos_ArtigoId" FOREIGN KEY ("ArtigoId") REFERENCES public."Artigos"("Id") ON DELETE CASCADE;


--
-- Name: Comentarios FK_Comentarios_Usuarios_UsuarioId; Type: FK CONSTRAINT; Schema: public; Owner: leo
--

ALTER TABLE ONLY public."Comentarios"
    ADD CONSTRAINT "FK_Comentarios_Usuarios_UsuarioId" FOREIGN KEY ("UsuarioId") REFERENCES public."Usuarios"("Id") ON DELETE CASCADE;


--
-- Name: Notificacoes FK_Notificacoes_Artigos_ArtigoId; Type: FK CONSTRAINT; Schema: public; Owner: leo
--

ALTER TABLE ONLY public."Notificacoes"
    ADD CONSTRAINT "FK_Notificacoes_Artigos_ArtigoId" FOREIGN KEY ("ArtigoId") REFERENCES public."Artigos"("Id");


--
-- Name: Notificacoes FK_Notificacoes_Usuarios_UsuarioId; Type: FK CONSTRAINT; Schema: public; Owner: leo
--

ALTER TABLE ONLY public."Notificacoes"
    ADD CONSTRAINT "FK_Notificacoes_Usuarios_UsuarioId" FOREIGN KEY ("UsuarioId") REFERENCES public."Usuarios"("Id") ON DELETE CASCADE;


--
-- Name: PesquisasCustomizadas FK_PesquisasCustomizadas_Autores_AutorId; Type: FK CONSTRAINT; Schema: public; Owner: leo
--

ALTER TABLE ONLY public."PesquisasCustomizadas"
    ADD CONSTRAINT "FK_PesquisasCustomizadas_Autores_AutorId" FOREIGN KEY ("AutorId") REFERENCES public."Autores"("Id") ON DELETE RESTRICT;


--
-- Name: PesquisasCustomizadas FK_PesquisasCustomizadas_Categorias_CategoriaId; Type: FK CONSTRAINT; Schema: public; Owner: leo
--

ALTER TABLE ONLY public."PesquisasCustomizadas"
    ADD CONSTRAINT "FK_PesquisasCustomizadas_Categorias_CategoriaId" FOREIGN KEY ("CategoriaId") REFERENCES public."Categorias"("Id") ON DELETE RESTRICT;


--
-- Name: PesquisasCustomizadas FK_PesquisasCustomizadas_Fontes_FonteId; Type: FK CONSTRAINT; Schema: public; Owner: leo
--

ALTER TABLE ONLY public."PesquisasCustomizadas"
    ADD CONSTRAINT "FK_PesquisasCustomizadas_Fontes_FonteId" FOREIGN KEY ("FonteId") REFERENCES public."Fontes"("Id") ON DELETE RESTRICT;


--
-- Name: PesquisasCustomizadas FK_PesquisasCustomizadas_Usuarios_UsuarioId; Type: FK CONSTRAINT; Schema: public; Owner: leo
--

ALTER TABLE ONLY public."PesquisasCustomizadas"
    ADD CONSTRAINT "FK_PesquisasCustomizadas_Usuarios_UsuarioId" FOREIGN KEY ("UsuarioId") REFERENCES public."Usuarios"("Id") ON DELETE CASCADE;


--
-- PostgreSQL database dump complete
--

\unrestrict SIk25lWeVODvdeE5BWwAYuonaqAAsYVqbFhfemINDV2QbNZ1GXwAT7k7PWIhDi9

